<?xml version="1.0" encoding="UTF-8"?>
<?xml-stylesheet type="text/xsl" href="datasheetTestDoc.xsl"?>
<ROOT rdbFile="/home/vinayak/workareas/Zambezi/DESIGNS/GPDK090/NFRACPLL/oa/zambezi_sim/pll_vco_sim/adexl/results/data/Corners_all.rdb" rdbName="Corners_all.rdb" runMode="Single Run, Sweeps and Corners" dsAuthorName="Vinayak Hegde" dsCreationDateTime="5 May 2010 02:54:51" dsUserName="vinayak" name="Phase_Noise" parasiticsRunMode="Schematic Estimates" mainfnameprefix="Corners_all" >
    <RESULTSSUMMARY>
        <RSITEM minVal="-122.4" status="pass" test="Phase_Noise" specdesc="&lt; -25" resultName="PN_1K" min_status="pass" expName="value(phaseNoise(1 &quot;pss_fd&quot; ?result &quot;pnoise-pnoise&quot;) 1000.0)" max_status="pass" maxVal="-105.4" />
        <RSITEM minVal="-135.5" status="pass" test="Phase_Noise" specdesc="&lt; -50" resultName="PN_10K" min_status="pass" expName="value(phaseNoise(1 &quot;pss_fd&quot; ?result &quot;pnoise-pnoise&quot;) 10000.0)" max_status="pass" maxVal="-116.1" />
        <RSITEM minVal="-146.1" status="pass" test="Phase_Noise" specdesc="&lt; -80" resultName="PN_100K" min_status="pass" expName="value(phaseNoise(1 &quot;pss_fd&quot; ?result &quot;pnoise-pnoise&quot;) 100000.0)" max_status="pass" maxVal="-126.4" />
        <RSITEM minVal="-154.9" status="pass" test="Phase_Noise" specdesc="&lt; -100" resultName="PN_1M" min_status="pass" expName="value(phaseNoise(1 &quot;pss_fd&quot; ?result &quot;pnoise-pnoise&quot;) 1000000.0)" max_status="pass" maxVal="-134.5" />
        <RSITEM minVal="-158.4" status="pass" test="Phase_Noise" specdesc="&lt; -120" resultName="PN_10M" min_status="pass" expName="value(phaseNoise(1 &quot;pss_fd&quot; ?result &quot;pnoise-pnoise&quot;) 1e+07)" max_status="pass" maxVal="-137.3" />
    </RESULTSSUMMARY>
    <CORNERSPECS/>
    <RESULTS>
        <INPUTPARAMS>
            <INPUTPARAM id="1" name="temperature" testName="Phase_Noise" >
                <DESIGNPOINT dpId="1" >
                    <VALUE corner="Nominal" pid="1" >27</VALUE>
                    <VALUE corner="C1_VDD_1.2_Temp_0" pid="2" >-40</VALUE>
                    <VALUE corner="C1_VDD_1.2_Temp_1" pid="3" >120</VALUE>
                    <VALUE corner="C2_VDD_1.26_Temp_0" pid="4" >-40</VALUE>
                    <VALUE corner="C2_VDD_1.26_Temp_1" pid="5" >120</VALUE>
                    <VALUE corner="C3_Model_FF_Temp_0" pid="6" >-40</VALUE>
                    <VALUE corner="C3_Model_FF_Temp_1" pid="7" >120</VALUE>
                    <VALUE corner="C4_Model_FF_VDD_0" pid="8" >27</VALUE>
                    <VALUE corner="C4_Model_FF_VDD_1" pid="9" >27</VALUE>
                    <VALUE corner="C5_Model_SS_VDD_0" pid="10" >27</VALUE>
                    <VALUE corner="C5_Model_SS_VDD_1" pid="11" >27</VALUE>
                    <VALUE corner="C6_Model_SS_Temp_0" pid="12" >-40</VALUE>
                    <VALUE corner="C6_Model_SS_Temp_1" pid="13" >120</VALUE>
                </DESIGNPOINT>
            </INPUTPARAM>
            <INPUTPARAM id="2" name="vdd1p2" testName="Phase_Noise" >
                <DESIGNPOINT dpId="1" >
                    <VALUE corner="Nominal" pid="1" >1.2</VALUE>
                    <VALUE corner="C1_VDD_1.2_Temp_0" pid="2" >1.2</VALUE>
                    <VALUE corner="C1_VDD_1.2_Temp_1" pid="3" >1.2</VALUE>
                    <VALUE corner="C2_VDD_1.26_Temp_0" pid="4" >1.26</VALUE>
                    <VALUE corner="C2_VDD_1.26_Temp_1" pid="5" >1.26</VALUE>
                    <VALUE corner="C3_Model_FF_Temp_0" pid="6" >1.2</VALUE>
                    <VALUE corner="C3_Model_FF_Temp_1" pid="7" >1.2</VALUE>
                    <VALUE corner="C4_Model_FF_VDD_0" pid="8" >1.14</VALUE>
                    <VALUE corner="C4_Model_FF_VDD_1" pid="9" >1.26</VALUE>
                    <VALUE corner="C5_Model_SS_VDD_0" pid="10" >1.14</VALUE>
                    <VALUE corner="C5_Model_SS_VDD_1" pid="11" >1.26</VALUE>
                    <VALUE corner="C6_Model_SS_Temp_0" pid="12" >1.2</VALUE>
                    <VALUE corner="C6_Model_SS_Temp_1" pid="13" >1.2</VALUE>
                </DESIGNPOINT>
            </INPUTPARAM>
            <INPUTPARAM id="3" name="corModelSpec" testName="Phase_Noise" >
                <DESIGNPOINT dpId="1" >
                    <VALUE corner="Nominal" pid="1" >
                        <MODELFILE section="&quot;stat&quot;" test="All" block="Global" file="$PROJECT/TECH/GPDK090/gpdk090/models/spectre/gpdk090.scs" ></MODELFILE>
                        <MODELFILE section="&quot;t&quot;" test="All" block="Global" file="$PROJECT/DESIGNS/GPDK090/NFRACPLL/models/inductor.scs" ></MODELFILE>
                    </VALUE>
                    <VALUE corner="C1_VDD_1.2_Temp_0" pid="2" >
                        <MODELFILE section="&quot;stat&quot;" test="All" block="Global" file="$PROJECT/TECH/GPDK090/gpdk090/models/spectre/gpdk090.scs" ></MODELFILE>
                        <MODELFILE section="&quot;t&quot;" test="All" block="Global" file="$PROJECT/DESIGNS/GPDK090/NFRACPLL/models/inductor.scs" ></MODELFILE>
                    </VALUE>
                    <VALUE corner="C1_VDD_1.2_Temp_1" pid="3" >
                        <MODELFILE section="&quot;stat&quot;" test="All" block="Global" file="$PROJECT/TECH/GPDK090/gpdk090/models/spectre/gpdk090.scs" ></MODELFILE>
                        <MODELFILE section="&quot;t&quot;" test="All" block="Global" file="$PROJECT/DESIGNS/GPDK090/NFRACPLL/models/inductor.scs" ></MODELFILE>
                    </VALUE>
                    <VALUE corner="C2_VDD_1.26_Temp_0" pid="4" >
                        <MODELFILE section="&quot;stat&quot;" test="All" block="Global" file="$PROJECT/TECH/GPDK090/gpdk090/models/spectre/gpdk090.scs" ></MODELFILE>
                        <MODELFILE section="&quot;t&quot;" test="All" block="Global" file="$PROJECT/DESIGNS/GPDK090/NFRACPLL/models/inductor.scs" ></MODELFILE>
                    </VALUE>
                    <VALUE corner="C2_VDD_1.26_Temp_1" pid="5" >
                        <MODELFILE section="&quot;stat&quot;" test="All" block="Global" file="$PROJECT/TECH/GPDK090/gpdk090/models/spectre/gpdk090.scs" ></MODELFILE>
                        <MODELFILE section="&quot;t&quot;" test="All" block="Global" file="$PROJECT/DESIGNS/GPDK090/NFRACPLL/models/inductor.scs" ></MODELFILE>
                    </VALUE>
                    <VALUE corner="C3_Model_FF_Temp_0" pid="6" >
                        <MODELFILE section="&quot;FF&quot;" test="All" block="Global" file="$PROJECT/TECH/GPDK090/gpdk090/models/spectre/gpdk090.scs" ></MODELFILE>
                        <MODELFILE section="&quot;t&quot;" test="All" block="Global" file="$PROJECT/DESIGNS/GPDK090/NFRACPLL/models/inductor.scs" ></MODELFILE>
                    </VALUE>
                    <VALUE corner="C3_Model_FF_Temp_1" pid="7" >
                        <MODELFILE section="&quot;FF&quot;" test="All" block="Global" file="$PROJECT/TECH/GPDK090/gpdk090/models/spectre/gpdk090.scs" ></MODELFILE>
                        <MODELFILE section="&quot;t&quot;" test="All" block="Global" file="$PROJECT/DESIGNS/GPDK090/NFRACPLL/models/inductor.scs" ></MODELFILE>
                    </VALUE>
                    <VALUE corner="C4_Model_FF_VDD_0" pid="8" >
                        <MODELFILE section="&quot;FF&quot;" test="All" block="Global" file="$PROJECT/TECH/GPDK090/gpdk090/models/spectre/gpdk090.scs" ></MODELFILE>
                        <MODELFILE section="&quot;t&quot;" test="All" block="Global" file="$PROJECT/DESIGNS/GPDK090/NFRACPLL/models/inductor.scs" ></MODELFILE>
                    </VALUE>
                    <VALUE corner="C4_Model_FF_VDD_1" pid="9" >
                        <MODELFILE section="&quot;FF&quot;" test="All" block="Global" file="$PROJECT/TECH/GPDK090/gpdk090/models/spectre/gpdk090.scs" ></MODELFILE>
                        <MODELFILE section="&quot;t&quot;" test="All" block="Global" file="$PROJECT/DESIGNS/GPDK090/NFRACPLL/models/inductor.scs" ></MODELFILE>
                    </VALUE>
                    <VALUE corner="C5_Model_SS_VDD_0" pid="10" >
                        <MODELFILE section="&quot;SS&quot;" test="All" block="Global" file="$PROJECT/TECH/GPDK090/gpdk090/models/spectre/gpdk090.scs" ></MODELFILE>
                        <MODELFILE section="&quot;t&quot;" test="All" block="Global" file="$PROJECT/DESIGNS/GPDK090/NFRACPLL/models/inductor.scs" ></MODELFILE>
                    </VALUE>
                    <VALUE corner="C5_Model_SS_VDD_1" pid="11" >
                        <MODELFILE section="&quot;SS&quot;" test="All" block="Global" file="$PROJECT/TECH/GPDK090/gpdk090/models/spectre/gpdk090.scs" ></MODELFILE>
                        <MODELFILE section="&quot;t&quot;" test="All" block="Global" file="$PROJECT/DESIGNS/GPDK090/NFRACPLL/models/inductor.scs" ></MODELFILE>
                    </VALUE>
                    <VALUE corner="C6_Model_SS_Temp_0" pid="12" >
                        <MODELFILE section="&quot;SS&quot;" test="All" block="Global" file="$PROJECT/TECH/GPDK090/gpdk090/models/spectre/gpdk090.scs" ></MODELFILE>
                        <MODELFILE section="&quot;t&quot;" test="All" block="Global" file="$PROJECT/DESIGNS/GPDK090/NFRACPLL/models/inductor.scs" ></MODELFILE>
                    </VALUE>
                    <VALUE corner="C6_Model_SS_Temp_1" pid="13" >
                        <MODELFILE section="&quot;SS&quot;" test="All" block="Global" file="$PROJECT/TECH/GPDK090/gpdk090/models/spectre/gpdk090.scs" ></MODELFILE>
                        <MODELFILE section="&quot;t&quot;" test="All" block="Global" file="$PROJECT/DESIGNS/GPDK090/NFRACPLL/models/inductor.scs" ></MODELFILE>
                    </VALUE>
                </DESIGNPOINT>
            </INPUTPARAM>
        </INPUTPARAMS>
        <TESTOUTPUTS>
            <TESTOUTPUT testname="Phase_Noise" id="4" >
                <OUTPUTPARAMS>
                    <OUTPUTPARAM id="4" name="PN_1K" >
                        <DESIGNPOINT dpId="1" >
                            <VALUE status="pass" pid="1" >-118.3</VALUE>
                            <VALUE status="pass" pid="2" >-110.7</VALUE>
                            <VALUE status="pass" pid="3" >-115.9</VALUE>
                            <VALUE status="pass" pid="4" >-116.3</VALUE>
                            <VALUE status="pass" pid="5" >-114.9</VALUE>
                            <VALUE status="pass" pid="6" >-120.8</VALUE>
                            <VALUE status="pass" pid="7" >-111.6</VALUE>
                            <VALUE status="pass" pid="8" >-112.1</VALUE>
                            <VALUE status="pass" pid="9" >-122.4</VALUE>
                            <VALUE status="pass" pid="10" >-116.6</VALUE>
                            <VALUE status="pass" pid="11" >-117.9</VALUE>
                            <VALUE status="pass" pid="12" >-115.7</VALUE>
                            <VALUE status="pass" pid="13" >-105.4</VALUE>
                        </DESIGNPOINT>
                    </OUTPUTPARAM>
                    <OUTPUTPARAM id="5" name="PN_10K" >
                        <DESIGNPOINT dpId="1" >
                            <VALUE status="pass" pid="1" >-131.4</VALUE>
                            <VALUE status="pass" pid="2" >-133.2</VALUE>
                            <VALUE status="pass" pid="3" >-127.3</VALUE>
                            <VALUE status="pass" pid="4" >-134.3</VALUE>
                            <VALUE status="pass" pid="5" >-127.8</VALUE>
                            <VALUE status="pass" pid="6" >-135.5</VALUE>
                            <VALUE status="pass" pid="7" >-129.7</VALUE>
                            <VALUE status="pass" pid="8" >-132.3</VALUE>
                            <VALUE status="pass" pid="9" >-133.2</VALUE>
                            <VALUE status="pass" pid="10" >-127.4</VALUE>
                            <VALUE status="pass" pid="11" >-128.7</VALUE>
                            <VALUE status="pass" pid="12" >-131.7</VALUE>
                            <VALUE status="pass" pid="13" >-116.1</VALUE>
                        </DESIGNPOINT>
                    </OUTPUTPARAM>
                    <OUTPUTPARAM id="6" name="PN_100K" >
                        <DESIGNPOINT dpId="1" >
                            <VALUE status="pass" pid="1" >-142</VALUE>
                            <VALUE status="pass" pid="2" >-144.8</VALUE>
                            <VALUE status="pass" pid="3" >-137.9</VALUE>
                            <VALUE status="pass" pid="4" >-145.1</VALUE>
                            <VALUE status="pass" pid="5" >-138.4</VALUE>
                            <VALUE status="pass" pid="6" >-146.1</VALUE>
                            <VALUE status="pass" pid="7" >-140.6</VALUE>
                            <VALUE status="pass" pid="8" >-143.3</VALUE>
                            <VALUE status="pass" pid="9" >-143.8</VALUE>
                            <VALUE status="pass" pid="10" >-137.9</VALUE>
                            <VALUE status="pass" pid="11" >-139.2</VALUE>
                            <VALUE status="pass" pid="12" >-142.6</VALUE>
                            <VALUE status="pass" pid="13" >-126.4</VALUE>
                        </DESIGNPOINT>
                    </OUTPUTPARAM>
                    <OUTPUTPARAM id="7" name="PN_1M" >
                        <DESIGNPOINT dpId="1" >
                            <VALUE status="pass" pid="1" >-150.8</VALUE>
                            <VALUE status="pass" pid="2" >-153.5</VALUE>
                            <VALUE status="pass" pid="3" >-146.7</VALUE>
                            <VALUE status="pass" pid="4" >-153.9</VALUE>
                            <VALUE status="pass" pid="5" >-147.3</VALUE>
                            <VALUE status="pass" pid="6" >-154.9</VALUE>
                            <VALUE status="pass" pid="7" >-149.5</VALUE>
                            <VALUE status="pass" pid="8" >-152.1</VALUE>
                            <VALUE status="pass" pid="9" >-152.8</VALUE>
                            <VALUE status="pass" pid="10" >-146.5</VALUE>
                            <VALUE status="pass" pid="11" >-148.1</VALUE>
                            <VALUE status="pass" pid="12" >-151.3</VALUE>
                            <VALUE status="pass" pid="13" >-134.5</VALUE>
                        </DESIGNPOINT>
                    </OUTPUTPARAM>
                    <OUTPUTPARAM id="8" name="PN_10M" >
                        <DESIGNPOINT dpId="1" >
                            <VALUE status="pass" pid="1" >-154.4</VALUE>
                            <VALUE status="pass" pid="2" >-156.9</VALUE>
                            <VALUE status="pass" pid="3" >-150.4</VALUE>
                            <VALUE status="pass" pid="4" >-157.4</VALUE>
                            <VALUE status="pass" pid="5" >-151.2</VALUE>
                            <VALUE status="pass" pid="6" >-158.4</VALUE>
                            <VALUE status="pass" pid="7" >-153.4</VALUE>
                            <VALUE status="pass" pid="8" >-155.7</VALUE>
                            <VALUE status="pass" pid="9" >-156.8</VALUE>
                            <VALUE status="pass" pid="10" >-149.9</VALUE>
                            <VALUE status="pass" pid="11" >-151.8</VALUE>
                            <VALUE status="pass" pid="12" >-154.8</VALUE>
                            <VALUE status="pass" pid="13" >-137.3</VALUE>
                        </DESIGNPOINT>
                    </OUTPUTPARAM>
                </OUTPUTPARAMS>
            </TESTOUTPUT>
        </TESTOUTPUTS>
    </RESULTS>
    <WAVEFORMS>
        <WAVEFORM test="Phase_Noise" path="/home/vinayak/workareas/Zambezi/DESIGNS/GPDK090/NFRACPLL/oa/zambezi_sim/pll_vco_sim/adexl/documents/Corners_all/" fileName="dsImg_Graph Window.4.png" />
    </WAVEFORMS>
</ROOT>
