<?xml version="1.0" encoding="UTF-8"?>
<?xml-stylesheet type="text/xsl" href="datasheetTestDoc.xsl"?>
<ROOT rdbFile="/home/vinayak/workareas/Zambezi/DESIGNS/GPDK090/NFRACPLL/oa/zambezi_sim/pll_vco_sim/adexl/results/data/Corners_all.rdb" rdbName="Corners_all.rdb" runMode="Single Run, Sweeps and Corners" dsAuthorName="Vinayak Hegde" dsCreationDateTime="5 May 2010 02:54:50" dsUserName="vinayak" name="Kto" parasiticsRunMode="Schematic Estimates" mainfnameprefix="Corners_all" >
    <RESULTSSUMMARY>
        <RSITEM minVal="3.705k" status="pass" test="Kto" specdesc="&lt; 100k" resultName="Kto" min_status="pass" expName="abs((0.01 * (harmonic(harmonic(xval(v(&quot;/vcoclk&quot; ?result &quot;pss_fd&quot;)) 1) 0) - harmonic(harmonic(xval(v(&quot;/vcoclk&quot; ?result &quot;pss_fd&quot;)) 1) 1))))" max_status="pass" maxVal="20.44k" />
    </RESULTSSUMMARY>
    <CORNERSPECS/>
    <RESULTS>
        <INPUTPARAMS>
            <INPUTPARAM id="1" name="temperature" testName="Kto" >
                <DESIGNPOINT dpId="1" >
                    <VALUE corner="Nominal" pid="1" >27</VALUE>
                    <VALUE corner="C1_VDD_1.2_Temp_0" pid="2" >-40</VALUE>
                    <VALUE corner="C1_VDD_1.2_Temp_1" pid="3" >120</VALUE>
                    <VALUE corner="C2_VDD_1.26_Temp_0" pid="4" >-40</VALUE>
                    <VALUE corner="C2_VDD_1.26_Temp_1" pid="5" >120</VALUE>
                    <VALUE corner="C3_Model_FF_Temp_0" pid="6" >-40</VALUE>
                    <VALUE corner="C3_Model_FF_Temp_1" pid="7" >120</VALUE>
                    <VALUE corner="C4_Model_FF_VDD_0" pid="8" >27</VALUE>
                    <VALUE corner="C4_Model_FF_VDD_1" pid="9" >27</VALUE>
                    <VALUE corner="C5_Model_SS_VDD_0" pid="10" >27</VALUE>
                    <VALUE corner="C5_Model_SS_VDD_1" pid="11" >27</VALUE>
                    <VALUE corner="C6_Model_SS_Temp_0" pid="12" >-40</VALUE>
                    <VALUE corner="C6_Model_SS_Temp_1" pid="13" >120</VALUE>
                </DESIGNPOINT>
            </INPUTPARAM>
            <INPUTPARAM id="2" name="vdd1p2" testName="Kto" >
                <DESIGNPOINT dpId="1" >
                    <VALUE corner="Nominal" pid="1" >1.2</VALUE>
                    <VALUE corner="C1_VDD_1.2_Temp_0" pid="2" >1.2</VALUE>
                    <VALUE corner="C1_VDD_1.2_Temp_1" pid="3" >1.2</VALUE>
                    <VALUE corner="C2_VDD_1.26_Temp_0" pid="4" >1.26</VALUE>
                    <VALUE corner="C2_VDD_1.26_Temp_1" pid="5" >1.26</VALUE>
                    <VALUE corner="C3_Model_FF_Temp_0" pid="6" >1.2</VALUE>
                    <VALUE corner="C3_Model_FF_Temp_1" pid="7" >1.2</VALUE>
                    <VALUE corner="C4_Model_FF_VDD_0" pid="8" >1.14</VALUE>
                    <VALUE corner="C4_Model_FF_VDD_1" pid="9" >1.26</VALUE>
                    <VALUE corner="C5_Model_SS_VDD_0" pid="10" >1.14</VALUE>
                    <VALUE corner="C5_Model_SS_VDD_1" pid="11" >1.26</VALUE>
                    <VALUE corner="C6_Model_SS_Temp_0" pid="12" >1.2</VALUE>
                    <VALUE corner="C6_Model_SS_Temp_1" pid="13" >1.2</VALUE>
                </DESIGNPOINT>
            </INPUTPARAM>
            <INPUTPARAM id="3" name="corModelSpec" testName="Kto" >
                <DESIGNPOINT dpId="1" >
                    <VALUE corner="Nominal" pid="1" >
                        <MODELFILE section="&quot;stat&quot;" test="All" block="Global" file="$PROJECT/TECH/GPDK090/gpdk090/models/spectre/gpdk090.scs" ></MODELFILE>
                        <MODELFILE section="&quot;t&quot;" test="All" block="Global" file="$PROJECT/DESIGNS/GPDK090/NFRACPLL/models/inductor.scs" ></MODELFILE>
                    </VALUE>
                    <VALUE corner="C1_VDD_1.2_Temp_0" pid="2" >
                        <MODELFILE section="&quot;stat&quot;" test="All" block="Global" file="$PROJECT/TECH/GPDK090/gpdk090/models/spectre/gpdk090.scs" ></MODELFILE>
                        <MODELFILE section="&quot;t&quot;" test="All" block="Global" file="$PROJECT/DESIGNS/GPDK090/NFRACPLL/models/inductor.scs" ></MODELFILE>
                    </VALUE>
                    <VALUE corner="C1_VDD_1.2_Temp_1" pid="3" >
                        <MODELFILE section="&quot;stat&quot;" test="All" block="Global" file="$PROJECT/TECH/GPDK090/gpdk090/models/spectre/gpdk090.scs" ></MODELFILE>
                        <MODELFILE section="&quot;t&quot;" test="All" block="Global" file="$PROJECT/DESIGNS/GPDK090/NFRACPLL/models/inductor.scs" ></MODELFILE>
                    </VALUE>
                    <VALUE corner="C2_VDD_1.26_Temp_0" pid="4" >
                        <MODELFILE section="&quot;stat&quot;" test="All" block="Global" file="$PROJECT/TECH/GPDK090/gpdk090/models/spectre/gpdk090.scs" ></MODELFILE>
                        <MODELFILE section="&quot;t&quot;" test="All" block="Global" file="$PROJECT/DESIGNS/GPDK090/NFRACPLL/models/inductor.scs" ></MODELFILE>
                    </VALUE>
                    <VALUE corner="C2_VDD_1.26_Temp_1" pid="5" >
                        <MODELFILE section="&quot;stat&quot;" test="All" block="Global" file="$PROJECT/TECH/GPDK090/gpdk090/models/spectre/gpdk090.scs" ></MODELFILE>
                        <MODELFILE section="&quot;t&quot;" test="All" block="Global" file="$PROJECT/DESIGNS/GPDK090/NFRACPLL/models/inductor.scs" ></MODELFILE>
                    </VALUE>
                    <VALUE corner="C3_Model_FF_Temp_0" pid="6" >
                        <MODELFILE section="&quot;FF&quot;" test="All" block="Global" file="$PROJECT/TECH/GPDK090/gpdk090/models/spectre/gpdk090.scs" ></MODELFILE>
                        <MODELFILE section="&quot;t&quot;" test="All" block="Global" file="$PROJECT/DESIGNS/GPDK090/NFRACPLL/models/inductor.scs" ></MODELFILE>
                    </VALUE>
                    <VALUE corner="C3_Model_FF_Temp_1" pid="7" >
                        <MODELFILE section="&quot;FF&quot;" test="All" block="Global" file="$PROJECT/TECH/GPDK090/gpdk090/models/spectre/gpdk090.scs" ></MODELFILE>
                        <MODELFILE section="&quot;t&quot;" test="All" block="Global" file="$PROJECT/DESIGNS/GPDK090/NFRACPLL/models/inductor.scs" ></MODELFILE>
                    </VALUE>
                    <VALUE corner="C4_Model_FF_VDD_0" pid="8" >
                        <MODELFILE section="&quot;FF&quot;" test="All" block="Global" file="$PROJECT/TECH/GPDK090/gpdk090/models/spectre/gpdk090.scs" ></MODELFILE>
                        <MODELFILE section="&quot;t&quot;" test="All" block="Global" file="$PROJECT/DESIGNS/GPDK090/NFRACPLL/models/inductor.scs" ></MODELFILE>
                    </VALUE>
                    <VALUE corner="C4_Model_FF_VDD_1" pid="9" >
                        <MODELFILE section="&quot;FF&quot;" test="All" block="Global" file="$PROJECT/TECH/GPDK090/gpdk090/models/spectre/gpdk090.scs" ></MODELFILE>
                        <MODELFILE section="&quot;t&quot;" test="All" block="Global" file="$PROJECT/DESIGNS/GPDK090/NFRACPLL/models/inductor.scs" ></MODELFILE>
                    </VALUE>
                    <VALUE corner="C5_Model_SS_VDD_0" pid="10" >
                        <MODELFILE section="&quot;SS&quot;" test="All" block="Global" file="$PROJECT/TECH/GPDK090/gpdk090/models/spectre/gpdk090.scs" ></MODELFILE>
                        <MODELFILE section="&quot;t&quot;" test="All" block="Global" file="$PROJECT/DESIGNS/GPDK090/NFRACPLL/models/inductor.scs" ></MODELFILE>
                    </VALUE>
                    <VALUE corner="C5_Model_SS_VDD_1" pid="11" >
                        <MODELFILE section="&quot;SS&quot;" test="All" block="Global" file="$PROJECT/TECH/GPDK090/gpdk090/models/spectre/gpdk090.scs" ></MODELFILE>
                        <MODELFILE section="&quot;t&quot;" test="All" block="Global" file="$PROJECT/DESIGNS/GPDK090/NFRACPLL/models/inductor.scs" ></MODELFILE>
                    </VALUE>
                    <VALUE corner="C6_Model_SS_Temp_0" pid="12" >
                        <MODELFILE section="&quot;SS&quot;" test="All" block="Global" file="$PROJECT/TECH/GPDK090/gpdk090/models/spectre/gpdk090.scs" ></MODELFILE>
                        <MODELFILE section="&quot;t&quot;" test="All" block="Global" file="$PROJECT/DESIGNS/GPDK090/NFRACPLL/models/inductor.scs" ></MODELFILE>
                    </VALUE>
                    <VALUE corner="C6_Model_SS_Temp_1" pid="13" >
                        <MODELFILE section="&quot;SS&quot;" test="All" block="Global" file="$PROJECT/TECH/GPDK090/gpdk090/models/spectre/gpdk090.scs" ></MODELFILE>
                        <MODELFILE section="&quot;t&quot;" test="All" block="Global" file="$PROJECT/DESIGNS/GPDK090/NFRACPLL/models/inductor.scs" ></MODELFILE>
                    </VALUE>
                </DESIGNPOINT>
            </INPUTPARAM>
        </INPUTPARAMS>
        <TESTOUTPUTS>
            <TESTOUTPUT testname="Kto" id="3" >
                <OUTPUTPARAMS>
                    <OUTPUTPARAM id="3" name="Kto" >
                        <DESIGNPOINT dpId="1" >
                            <VALUE status="pass" pid="1" >5.113k</VALUE>
                            <VALUE status="pass" pid="2" >5.113k</VALUE>
                            <VALUE status="pass" pid="3" >5.113k</VALUE>
                            <VALUE status="pass" pid="4" >3.705k</VALUE>
                            <VALUE status="pass" pid="5" >3.705k</VALUE>
                            <VALUE status="pass" pid="6" >4.614k</VALUE>
                            <VALUE status="pass" pid="7" >4.614k</VALUE>
                            <VALUE status="pass" pid="8" >5.409k</VALUE>
                            <VALUE status="pass" pid="9" >4.211k</VALUE>
                            <VALUE status="pass" pid="10" >20.44k</VALUE>
                            <VALUE status="pass" pid="11" >12.24k</VALUE>
                            <VALUE status="pass" pid="12" >15.84k</VALUE>
                            <VALUE status="pass" pid="13" >15.84k</VALUE>
                        </DESIGNPOINT>
                    </OUTPUTPARAM>
                </OUTPUTPARAMS>
            </TESTOUTPUT>
        </TESTOUTPUTS>
    </RESULTS>
    <WAVEFORMS>
        <WAVEFORM test="Kto" path="/home/vinayak/workareas/Zambezi/DESIGNS/GPDK090/NFRACPLL/oa/zambezi_sim/pll_vco_sim/adexl/documents/Corners_all/" fileName="dsImg_Graph Window.3.png" />
    </WAVEFORMS>
</ROOT>
