<?xml version="1.0" encoding="UTF-8"?>
<?xml-stylesheet type="text/xsl" href="datasheetTestDoc.xsl"?>
<ROOT rdbFile="/home/vinayak/workareas/Zambezi/DESIGNS/GPDK090/NFRACPLL/oa/zambezi_sim/pll_vco_sim/adexl/results/data/Corners_all.rdb" rdbName="Corners_all.rdb" runMode="Single Run, Sweeps and Corners" dsAuthorName="Vinayak Hegde" dsCreationDateTime="5 May 2010 02:54:47" dsUserName="vinayak" name="Frequency_Max" parasiticsRunMode="Schematic Estimates" mainfnameprefix="Corners_all" >
    <RESULTSSUMMARY>
        <RSITEM minVal="5.205G" status="pass" test="Frequency_Max" specdesc="> 5G" resultName="Frequency_Max" min_status="pass" expName="harmonic(xval(v(&quot;/vcoclk&quot; ?result &quot;pss_fd&quot;)) 1)" max_status="pass" maxVal="5.357G" />
    </RESULTSSUMMARY>
    <CORNERSPECS/>
    <RESULTS>
        <INPUTPARAMS>
            <INPUTPARAM id="1" name="temperature" testName="Frequency_Max" >
                <DESIGNPOINT dpId="1" >
                    <VALUE corner="Nominal" pid="1" >27</VALUE>
                    <VALUE corner="C1_VDD_1.2_Temp_0" pid="2" >-40</VALUE>
                    <VALUE corner="C1_VDD_1.2_Temp_1" pid="3" >120</VALUE>
                    <VALUE corner="C2_VDD_1.26_Temp_0" pid="4" >-40</VALUE>
                    <VALUE corner="C2_VDD_1.26_Temp_1" pid="5" >120</VALUE>
                    <VALUE corner="C3_Model_FF_Temp_0" pid="6" >-40</VALUE>
                    <VALUE corner="C3_Model_FF_Temp_1" pid="7" >120</VALUE>
                    <VALUE corner="C4_Model_FF_VDD_0" pid="8" >27</VALUE>
                    <VALUE corner="C4_Model_FF_VDD_1" pid="9" >27</VALUE>
                    <VALUE corner="C5_Model_SS_VDD_0" pid="10" >27</VALUE>
                    <VALUE corner="C5_Model_SS_VDD_1" pid="11" >27</VALUE>
                    <VALUE corner="C6_Model_SS_Temp_0" pid="12" >-40</VALUE>
                    <VALUE corner="C6_Model_SS_Temp_1" pid="13" >120</VALUE>
                </DESIGNPOINT>
            </INPUTPARAM>
            <INPUTPARAM id="2" name="vdd1p2" testName="Frequency_Max" >
                <DESIGNPOINT dpId="1" >
                    <VALUE corner="Nominal" pid="1" >1.2</VALUE>
                    <VALUE corner="C1_VDD_1.2_Temp_0" pid="2" >1.2</VALUE>
                    <VALUE corner="C1_VDD_1.2_Temp_1" pid="3" >1.2</VALUE>
                    <VALUE corner="C2_VDD_1.26_Temp_0" pid="4" >1.26</VALUE>
                    <VALUE corner="C2_VDD_1.26_Temp_1" pid="5" >1.26</VALUE>
                    <VALUE corner="C3_Model_FF_Temp_0" pid="6" >1.2</VALUE>
                    <VALUE corner="C3_Model_FF_Temp_1" pid="7" >1.2</VALUE>
                    <VALUE corner="C4_Model_FF_VDD_0" pid="8" >1.14</VALUE>
                    <VALUE corner="C4_Model_FF_VDD_1" pid="9" >1.26</VALUE>
                    <VALUE corner="C5_Model_SS_VDD_0" pid="10" >1.14</VALUE>
                    <VALUE corner="C5_Model_SS_VDD_1" pid="11" >1.26</VALUE>
                    <VALUE corner="C6_Model_SS_Temp_0" pid="12" >1.2</VALUE>
                    <VALUE corner="C6_Model_SS_Temp_1" pid="13" >1.2</VALUE>
                </DESIGNPOINT>
            </INPUTPARAM>
            <INPUTPARAM id="3" name="corModelSpec" testName="Frequency_Max" >
                <DESIGNPOINT dpId="1" >
                    <VALUE corner="Nominal" pid="1" >
                        <MODELFILE section="&quot;stat&quot;" test="All" block="Global" file="$PROJECT/TECH/GPDK090/gpdk090/models/spectre/gpdk090.scs" ></MODELFILE>
                        <MODELFILE section="&quot;t&quot;" test="All" block="Global" file="$PROJECT/DESIGNS/GPDK090/NFRACPLL/models/inductor.scs" ></MODELFILE>
                    </VALUE>
                    <VALUE corner="C1_VDD_1.2_Temp_0" pid="2" >
                        <MODELFILE section="&quot;stat&quot;" test="All" block="Global" file="$PROJECT/TECH/GPDK090/gpdk090/models/spectre/gpdk090.scs" ></MODELFILE>
                        <MODELFILE section="&quot;t&quot;" test="All" block="Global" file="$PROJECT/DESIGNS/GPDK090/NFRACPLL/models/inductor.scs" ></MODELFILE>
                    </VALUE>
                    <VALUE corner="C1_VDD_1.2_Temp_1" pid="3" >
                        <MODELFILE section="&quot;stat&quot;" test="All" block="Global" file="$PROJECT/TECH/GPDK090/gpdk090/models/spectre/gpdk090.scs" ></MODELFILE>
                        <MODELFILE section="&quot;t&quot;" test="All" block="Global" file="$PROJECT/DESIGNS/GPDK090/NFRACPLL/models/inductor.scs" ></MODELFILE>
                    </VALUE>
                    <VALUE corner="C2_VDD_1.26_Temp_0" pid="4" >
                        <MODELFILE section="&quot;stat&quot;" test="All" block="Global" file="$PROJECT/TECH/GPDK090/gpdk090/models/spectre/gpdk090.scs" ></MODELFILE>
                        <MODELFILE section="&quot;t&quot;" test="All" block="Global" file="$PROJECT/DESIGNS/GPDK090/NFRACPLL/models/inductor.scs" ></MODELFILE>
                    </VALUE>
                    <VALUE corner="C2_VDD_1.26_Temp_1" pid="5" >
                        <MODELFILE section="&quot;stat&quot;" test="All" block="Global" file="$PROJECT/TECH/GPDK090/gpdk090/models/spectre/gpdk090.scs" ></MODELFILE>
                        <MODELFILE section="&quot;t&quot;" test="All" block="Global" file="$PROJECT/DESIGNS/GPDK090/NFRACPLL/models/inductor.scs" ></MODELFILE>
                    </VALUE>
                    <VALUE corner="C3_Model_FF_Temp_0" pid="6" >
                        <MODELFILE section="&quot;FF&quot;" test="All" block="Global" file="$PROJECT/TECH/GPDK090/gpdk090/models/spectre/gpdk090.scs" ></MODELFILE>
                        <MODELFILE section="&quot;t&quot;" test="All" block="Global" file="$PROJECT/DESIGNS/GPDK090/NFRACPLL/models/inductor.scs" ></MODELFILE>
                    </VALUE>
                    <VALUE corner="C3_Model_FF_Temp_1" pid="7" >
                        <MODELFILE section="&quot;FF&quot;" test="All" block="Global" file="$PROJECT/TECH/GPDK090/gpdk090/models/spectre/gpdk090.scs" ></MODELFILE>
                        <MODELFILE section="&quot;t&quot;" test="All" block="Global" file="$PROJECT/DESIGNS/GPDK090/NFRACPLL/models/inductor.scs" ></MODELFILE>
                    </VALUE>
                    <VALUE corner="C4_Model_FF_VDD_0" pid="8" >
                        <MODELFILE section="&quot;FF&quot;" test="All" block="Global" file="$PROJECT/TECH/GPDK090/gpdk090/models/spectre/gpdk090.scs" ></MODELFILE>
                        <MODELFILE section="&quot;t&quot;" test="All" block="Global" file="$PROJECT/DESIGNS/GPDK090/NFRACPLL/models/inductor.scs" ></MODELFILE>
                    </VALUE>
                    <VALUE corner="C4_Model_FF_VDD_1" pid="9" >
                        <MODELFILE section="&quot;FF&quot;" test="All" block="Global" file="$PROJECT/TECH/GPDK090/gpdk090/models/spectre/gpdk090.scs" ></MODELFILE>
                        <MODELFILE section="&quot;t&quot;" test="All" block="Global" file="$PROJECT/DESIGNS/GPDK090/NFRACPLL/models/inductor.scs" ></MODELFILE>
                    </VALUE>
                    <VALUE corner="C5_Model_SS_VDD_0" pid="10" >
                        <MODELFILE section="&quot;SS&quot;" test="All" block="Global" file="$PROJECT/TECH/GPDK090/gpdk090/models/spectre/gpdk090.scs" ></MODELFILE>
                        <MODELFILE section="&quot;t&quot;" test="All" block="Global" file="$PROJECT/DESIGNS/GPDK090/NFRACPLL/models/inductor.scs" ></MODELFILE>
                    </VALUE>
                    <VALUE corner="C5_Model_SS_VDD_1" pid="11" >
                        <MODELFILE section="&quot;SS&quot;" test="All" block="Global" file="$PROJECT/TECH/GPDK090/gpdk090/models/spectre/gpdk090.scs" ></MODELFILE>
                        <MODELFILE section="&quot;t&quot;" test="All" block="Global" file="$PROJECT/DESIGNS/GPDK090/NFRACPLL/models/inductor.scs" ></MODELFILE>
                    </VALUE>
                    <VALUE corner="C6_Model_SS_Temp_0" pid="12" >
                        <MODELFILE section="&quot;SS&quot;" test="All" block="Global" file="$PROJECT/TECH/GPDK090/gpdk090/models/spectre/gpdk090.scs" ></MODELFILE>
                        <MODELFILE section="&quot;t&quot;" test="All" block="Global" file="$PROJECT/DESIGNS/GPDK090/NFRACPLL/models/inductor.scs" ></MODELFILE>
                    </VALUE>
                    <VALUE corner="C6_Model_SS_Temp_1" pid="13" >
                        <MODELFILE section="&quot;SS&quot;" test="All" block="Global" file="$PROJECT/TECH/GPDK090/gpdk090/models/spectre/gpdk090.scs" ></MODELFILE>
                        <MODELFILE section="&quot;t&quot;" test="All" block="Global" file="$PROJECT/DESIGNS/GPDK090/NFRACPLL/models/inductor.scs" ></MODELFILE>
                    </VALUE>
                </DESIGNPOINT>
            </INPUTPARAM>
        </INPUTPARAMS>
        <TESTOUTPUTS>
            <TESTOUTPUT testname="Frequency_Max" id="1" >
                <OUTPUTPARAMS>
                    <OUTPUTPARAM id="1" name="Frequency_Max" >
                        <DESIGNPOINT dpId="1" >
                            <VALUE status="pass" pid="1" >5.295G</VALUE>
                            <VALUE status="pass" pid="2" >5.299G</VALUE>
                            <VALUE status="pass" pid="3" >5.278G</VALUE>
                            <VALUE status="pass" pid="4" >5.292G</VALUE>
                            <VALUE status="pass" pid="5" >5.274G</VALUE>
                            <VALUE status="pass" pid="6" >5.355G</VALUE>
                            <VALUE status="pass" pid="7" >5.336G</VALUE>
                            <VALUE status="pass" pid="8" >5.357G</VALUE>
                            <VALUE status="pass" pid="9" >5.344G</VALUE>
                            <VALUE status="pass" pid="10" >5.239G</VALUE>
                            <VALUE status="pass" pid="11" >5.231G</VALUE>
                            <VALUE status="pass" pid="12" >5.244G</VALUE>
                            <VALUE status="pass" pid="13" >5.205G</VALUE>
                        </DESIGNPOINT>
                    </OUTPUTPARAM>
                </OUTPUTPARAMS>
            </TESTOUTPUT>
        </TESTOUTPUTS>
    </RESULTS>
    <WAVEFORMS>
        <WAVEFORM test="Frequency_Max" path="/home/vinayak/workareas/Zambezi/DESIGNS/GPDK090/NFRACPLL/oa/zambezi_sim/pll_vco_sim/adexl/documents/Corners_all/" fileName="dsImg_Graph Window.1.png" />
    </WAVEFORMS>
</ROOT>
