<?xml version="1.0" encoding="UTF-8"?>
<?xml-stylesheet type="text/xsl" href="datasheetTestDoc.xsl"?>
<ROOT rdbFile="/home/vinayak/workareas/Zambezi/DESIGNS/GPDK090/NFRACPLL/oa/zambezi_sim/pll_vco_sim/adexl/results/data/Corners_all.rdb" rdbName="Corners_all.rdb" runMode="Single Run, Sweeps and Corners" dsAuthorName="Vinayak Hegde" dsCreationDateTime="5 May 2010 02:54:51" dsUserName="vinayak" name="Tune_Sense" parasiticsRunMode="Schematic Estimates" mainfnameprefix="Corners_all" >
    <RESULTSSUMMARY>
        <RSITEM minVal="39.62M" status="pass" test="Tune_Sense" specdesc="range 25M 100M" resultName="sense_1.1v Hz per V" min_status="pass" expName="abs(value(deriv(harmonic(xval(v(&quot;/vcoclk&quot; ?result &quot;sweeppss_pss_fd-sweep&quot;)) 1)) 1.1))" max_status="pass" maxVal="58.22M" />
        <RSITEM minVal="56M" status="pass" test="Tune_Sense" specdesc="range 25M 100M" resultName="sense_0.2v Hz per V" min_status="pass" expName="abs(value(deriv(harmonic(xval(v(&quot;/vcoclk&quot; ?result &quot;sweeppss_pss_fd-sweep&quot;)) 1)) 0.2))" max_status="pass" maxVal="84.96M" />
        <RSITEM minVal="4.996m" status="pass" test="Tune_Sense" specdesc="&lt; 15m" resultName="IDC" min_status="pass" expName="(- IDC(&quot;/V0/PLUS&quot;))" max_status="pass" maxVal="10.6m" />
    </RESULTSSUMMARY>
    <CORNERSPECS/>
    <RESULTS>
        <INPUTPARAMS>
            <INPUTPARAM id="1" name="temperature" testName="Tune_Sense" >
                <DESIGNPOINT dpId="1" >
                    <VALUE corner="Nominal" pid="1" >27</VALUE>
                    <VALUE corner="C1_VDD_1.2_Temp_0" pid="2" >-40</VALUE>
                    <VALUE corner="C1_VDD_1.2_Temp_1" pid="3" >120</VALUE>
                    <VALUE corner="C2_VDD_1.26_Temp_0" pid="4" >-40</VALUE>
                    <VALUE corner="C2_VDD_1.26_Temp_1" pid="5" >120</VALUE>
                    <VALUE corner="C3_Model_FF_Temp_0" pid="6" >-40</VALUE>
                    <VALUE corner="C3_Model_FF_Temp_1" pid="7" >120</VALUE>
                    <VALUE corner="C4_Model_FF_VDD_0" pid="8" >27</VALUE>
                    <VALUE corner="C4_Model_FF_VDD_1" pid="9" >27</VALUE>
                    <VALUE corner="C5_Model_SS_VDD_0" pid="10" >27</VALUE>
                    <VALUE corner="C5_Model_SS_VDD_1" pid="11" >27</VALUE>
                    <VALUE corner="C6_Model_SS_Temp_0" pid="12" >-40</VALUE>
                    <VALUE corner="C6_Model_SS_Temp_1" pid="13" >120</VALUE>
                </DESIGNPOINT>
            </INPUTPARAM>
            <INPUTPARAM id="2" name="vdd1p2" testName="Tune_Sense" >
                <DESIGNPOINT dpId="1" >
                    <VALUE corner="Nominal" pid="1" >1.2</VALUE>
                    <VALUE corner="C1_VDD_1.2_Temp_0" pid="2" >1.2</VALUE>
                    <VALUE corner="C1_VDD_1.2_Temp_1" pid="3" >1.2</VALUE>
                    <VALUE corner="C2_VDD_1.26_Temp_0" pid="4" >1.26</VALUE>
                    <VALUE corner="C2_VDD_1.26_Temp_1" pid="5" >1.26</VALUE>
                    <VALUE corner="C3_Model_FF_Temp_0" pid="6" >1.2</VALUE>
                    <VALUE corner="C3_Model_FF_Temp_1" pid="7" >1.2</VALUE>
                    <VALUE corner="C4_Model_FF_VDD_0" pid="8" >1.14</VALUE>
                    <VALUE corner="C4_Model_FF_VDD_1" pid="9" >1.26</VALUE>
                    <VALUE corner="C5_Model_SS_VDD_0" pid="10" >1.14</VALUE>
                    <VALUE corner="C5_Model_SS_VDD_1" pid="11" >1.26</VALUE>
                    <VALUE corner="C6_Model_SS_Temp_0" pid="12" >1.2</VALUE>
                    <VALUE corner="C6_Model_SS_Temp_1" pid="13" >1.2</VALUE>
                </DESIGNPOINT>
            </INPUTPARAM>
            <INPUTPARAM id="3" name="corModelSpec" testName="Tune_Sense" >
                <DESIGNPOINT dpId="1" >
                    <VALUE corner="Nominal" pid="1" >
                        <MODELFILE section="&quot;stat&quot;" test="All" block="Global" file="$PROJECT/TECH/GPDK090/gpdk090/models/spectre/gpdk090.scs" ></MODELFILE>
                        <MODELFILE section="&quot;t&quot;" test="All" block="Global" file="$PROJECT/DESIGNS/GPDK090/NFRACPLL/models/inductor.scs" ></MODELFILE>
                    </VALUE>
                    <VALUE corner="C1_VDD_1.2_Temp_0" pid="2" >
                        <MODELFILE section="&quot;stat&quot;" test="All" block="Global" file="$PROJECT/TECH/GPDK090/gpdk090/models/spectre/gpdk090.scs" ></MODELFILE>
                        <MODELFILE section="&quot;t&quot;" test="All" block="Global" file="$PROJECT/DESIGNS/GPDK090/NFRACPLL/models/inductor.scs" ></MODELFILE>
                    </VALUE>
                    <VALUE corner="C1_VDD_1.2_Temp_1" pid="3" >
                        <MODELFILE section="&quot;stat&quot;" test="All" block="Global" file="$PROJECT/TECH/GPDK090/gpdk090/models/spectre/gpdk090.scs" ></MODELFILE>
                        <MODELFILE section="&quot;t&quot;" test="All" block="Global" file="$PROJECT/DESIGNS/GPDK090/NFRACPLL/models/inductor.scs" ></MODELFILE>
                    </VALUE>
                    <VALUE corner="C2_VDD_1.26_Temp_0" pid="4" >
                        <MODELFILE section="&quot;stat&quot;" test="All" block="Global" file="$PROJECT/TECH/GPDK090/gpdk090/models/spectre/gpdk090.scs" ></MODELFILE>
                        <MODELFILE section="&quot;t&quot;" test="All" block="Global" file="$PROJECT/DESIGNS/GPDK090/NFRACPLL/models/inductor.scs" ></MODELFILE>
                    </VALUE>
                    <VALUE corner="C2_VDD_1.26_Temp_1" pid="5" >
                        <MODELFILE section="&quot;stat&quot;" test="All" block="Global" file="$PROJECT/TECH/GPDK090/gpdk090/models/spectre/gpdk090.scs" ></MODELFILE>
                        <MODELFILE section="&quot;t&quot;" test="All" block="Global" file="$PROJECT/DESIGNS/GPDK090/NFRACPLL/models/inductor.scs" ></MODELFILE>
                    </VALUE>
                    <VALUE corner="C3_Model_FF_Temp_0" pid="6" >
                        <MODELFILE section="&quot;FF&quot;" test="All" block="Global" file="$PROJECT/TECH/GPDK090/gpdk090/models/spectre/gpdk090.scs" ></MODELFILE>
                        <MODELFILE section="&quot;t&quot;" test="All" block="Global" file="$PROJECT/DESIGNS/GPDK090/NFRACPLL/models/inductor.scs" ></MODELFILE>
                    </VALUE>
                    <VALUE corner="C3_Model_FF_Temp_1" pid="7" >
                        <MODELFILE section="&quot;FF&quot;" test="All" block="Global" file="$PROJECT/TECH/GPDK090/gpdk090/models/spectre/gpdk090.scs" ></MODELFILE>
                        <MODELFILE section="&quot;t&quot;" test="All" block="Global" file="$PROJECT/DESIGNS/GPDK090/NFRACPLL/models/inductor.scs" ></MODELFILE>
                    </VALUE>
                    <VALUE corner="C4_Model_FF_VDD_0" pid="8" >
                        <MODELFILE section="&quot;FF&quot;" test="All" block="Global" file="$PROJECT/TECH/GPDK090/gpdk090/models/spectre/gpdk090.scs" ></MODELFILE>
                        <MODELFILE section="&quot;t&quot;" test="All" block="Global" file="$PROJECT/DESIGNS/GPDK090/NFRACPLL/models/inductor.scs" ></MODELFILE>
                    </VALUE>
                    <VALUE corner="C4_Model_FF_VDD_1" pid="9" >
                        <MODELFILE section="&quot;FF&quot;" test="All" block="Global" file="$PROJECT/TECH/GPDK090/gpdk090/models/spectre/gpdk090.scs" ></MODELFILE>
                        <MODELFILE section="&quot;t&quot;" test="All" block="Global" file="$PROJECT/DESIGNS/GPDK090/NFRACPLL/models/inductor.scs" ></MODELFILE>
                    </VALUE>
                    <VALUE corner="C5_Model_SS_VDD_0" pid="10" >
                        <MODELFILE section="&quot;SS&quot;" test="All" block="Global" file="$PROJECT/TECH/GPDK090/gpdk090/models/spectre/gpdk090.scs" ></MODELFILE>
                        <MODELFILE section="&quot;t&quot;" test="All" block="Global" file="$PROJECT/DESIGNS/GPDK090/NFRACPLL/models/inductor.scs" ></MODELFILE>
                    </VALUE>
                    <VALUE corner="C5_Model_SS_VDD_1" pid="11" >
                        <MODELFILE section="&quot;SS&quot;" test="All" block="Global" file="$PROJECT/TECH/GPDK090/gpdk090/models/spectre/gpdk090.scs" ></MODELFILE>
                        <MODELFILE section="&quot;t&quot;" test="All" block="Global" file="$PROJECT/DESIGNS/GPDK090/NFRACPLL/models/inductor.scs" ></MODELFILE>
                    </VALUE>
                    <VALUE corner="C6_Model_SS_Temp_0" pid="12" >
                        <MODELFILE section="&quot;SS&quot;" test="All" block="Global" file="$PROJECT/TECH/GPDK090/gpdk090/models/spectre/gpdk090.scs" ></MODELFILE>
                        <MODELFILE section="&quot;t&quot;" test="All" block="Global" file="$PROJECT/DESIGNS/GPDK090/NFRACPLL/models/inductor.scs" ></MODELFILE>
                    </VALUE>
                    <VALUE corner="C6_Model_SS_Temp_1" pid="13" >
                        <MODELFILE section="&quot;SS&quot;" test="All" block="Global" file="$PROJECT/TECH/GPDK090/gpdk090/models/spectre/gpdk090.scs" ></MODELFILE>
                        <MODELFILE section="&quot;t&quot;" test="All" block="Global" file="$PROJECT/DESIGNS/GPDK090/NFRACPLL/models/inductor.scs" ></MODELFILE>
                    </VALUE>
                </DESIGNPOINT>
            </INPUTPARAM>
        </INPUTPARAMS>
        <TESTOUTPUTS>
            <TESTOUTPUT testname="Tune_Sense" id="5" >
                <OUTPUTPARAMS>
                    <OUTPUTPARAM id="13" name="sense_1.1v Hz per V" >
                        <DESIGNPOINT dpId="1" >
                            <VALUE status="pass" pid="1" >48.75M</VALUE>
                            <VALUE status="pass" pid="2" >53.56M</VALUE>
                            <VALUE status="pass" pid="3" >42.78M</VALUE>
                            <VALUE status="pass" pid="4" >58.22M</VALUE>
                            <VALUE status="pass" pid="5" >49.71M</VALUE>
                            <VALUE status="pass" pid="6" >51.66M</VALUE>
                            <VALUE status="pass" pid="7" >40.06M</VALUE>
                            <VALUE status="pass" pid="8" >39.62M</VALUE>
                            <VALUE status="pass" pid="9" >52.5M</VALUE>
                            <VALUE status="pass" pid="10" >44.66M</VALUE>
                            <VALUE status="pass" pid="11" >57.26M</VALUE>
                            <VALUE status="pass" pid="12" >55.22M</VALUE>
                            <VALUE status="pass" pid="13" >46.42M</VALUE>
                        </DESIGNPOINT>
                    </OUTPUTPARAM>
                    <OUTPUTPARAM id="14" name="sense_0.2v Hz per V" >
                        <DESIGNPOINT dpId="1" >
                            <VALUE status="pass" pid="1" >69.83M</VALUE>
                            <VALUE status="pass" pid="2" >63.07M</VALUE>
                            <VALUE status="pass" pid="3" >79.23M</VALUE>
                            <VALUE status="pass" pid="4" >60.28M</VALUE>
                            <VALUE status="pass" pid="5" >75.38M</VALUE>
                            <VALUE status="pass" pid="6" >70.39M</VALUE>
                            <VALUE status="pass" pid="7" >84.96M</VALUE>
                            <VALUE status="pass" pid="8" >80.78M</VALUE>
                            <VALUE status="pass" pid="9" >72.63M</VALUE>
                            <VALUE status="pass" pid="10" >66.96M</VALUE>
                            <VALUE status="pass" pid="11" >60.85M</VALUE>
                            <VALUE status="pass" pid="12" >56M</VALUE>
                            <VALUE status="pass" pid="13" >76.26M</VALUE>
                        </DESIGNPOINT>
                    </OUTPUTPARAM>
                    <OUTPUTPARAM id="15" name="IDC" >
                        <DESIGNPOINT dpId="1" >
                            <VALUE status="pass" pid="1" >7.393m</VALUE>
                            <VALUE status="pass" pid="2" >7.996m</VALUE>
                            <VALUE status="pass" pid="3" >6.838m</VALUE>
                            <VALUE status="pass" pid="4" >8.906m</VALUE>
                            <VALUE status="pass" pid="5" >7.534m</VALUE>
                            <VALUE status="pass" pid="6" >10.28m</VALUE>
                            <VALUE status="pass" pid="7" >8.886m</VALUE>
                            <VALUE status="pass" pid="8" >8.572m</VALUE>
                            <VALUE status="pass" pid="9" >10.6m</VALUE>
                            <VALUE status="pass" pid="10" >4.996m</VALUE>
                            <VALUE status="pass" pid="11" >6.162m</VALUE>
                            <VALUE status="pass" pid="12" >6.033m</VALUE>
                            <VALUE status="pass" pid="13" >5.157m</VALUE>
                        </DESIGNPOINT>
                    </OUTPUTPARAM>
                </OUTPUTPARAMS>
            </TESTOUTPUT>
        </TESTOUTPUTS>
    </RESULTS>
    <WAVEFORMS>
        <WAVEFORM test="Tune_Sense" path="/home/vinayak/workareas/Zambezi/DESIGNS/GPDK090/NFRACPLL/oa/zambezi_sim/pll_vco_sim/adexl/documents/Corners_all/" fileName="dsImg_Graph Window.5.png" />
    </WAVEFORMS>
</ROOT>
