<?xml version="1.0" encoding="UTF-8"?>
<?xml-stylesheet type="text/xsl" href="datasheetMainDoc.xsl"?>
<ROOT fnameprefix="Corners_all" rdbFile="/home/vinayak/workareas/Zambezi/DESIGNS/GPDK090/NFRACPLL/oa/zambezi_sim/pll_vco_sim/adexl/results/data/Corners_all.rdb" rdbName="Corners_all.rdb" runMode="Single Run, Sweeps and Corners" dsAuthorName="Vinayak Hegde" dsCreationDateTime="5 May 2010 02:54:47" dsUserName="vinayak" name="Corners_all" parasiticsRunMode="Schematic Estimates" >
    <CORNERS>
        <CORNER name="C1_VDD_1.2_Temp" >
            <VARS>
                <VAR name="temperature" >-40 120</VAR>
                <VAR name="vdd1p2" >1.2</VAR>
            </VARS>
            <PARAMS>
                <LOCATIONS/>
            </PARAMS>
            <MODELS>
                <MODEL section="stat" test="All" enabled="true" block="Global" name="gpdk090.scs" >$PROJECT/TECH/GPDK090/gpdk090/models/spectre/gpdk090.scs</MODEL>
                <MODEL section="stat" test="All" enabled="false" block="Global" name="gpdk.scs" >$PROJECT/TECH/GPDK180/gpdk180/models/spectre/gpdk.scs</MODEL>
                <MODEL section="t" test="All" enabled="true" block="Global" name="inductor.scs" >$PROJECT/DESIGNS/GPDK090/NFRACPLL/models/inductor.scs</MODEL>
                <MODEL section="Nominal" test="All" enabled="false" block="Global" name="inductor_models.scs" >$MMSIM_HOME/tools/vpcd/etc/models/inductor_models.scs</MODEL>
            </MODELS>
            <MODELGROUPNAME></MODELGROUPNAME>
            <TESTSSTATUS>
                <TEST enabled="true" name="Frequency_Max" />
                <TEST enabled="true" name="Frequency_Min" />
                <TEST enabled="true" name="Kto" />
                <TEST enabled="true" name="Phase_Noise" />
                <TEST enabled="true" name="Tune_Sense" /></TESTSSTATUS>
        </CORNER>
        <CORNER name="C2_VDD_1.26_Temp" >
            <VARS>
                <VAR name="temperature" >-40 120</VAR>
                <VAR name="vdd1p2" >1.26</VAR>
            </VARS>
            <PARAMS>
                <LOCATIONS/>
            </PARAMS>
            <MODELS>
                <MODEL section="stat" test="All" enabled="true" block="Global" name="gpdk090.scs" >$PROJECT/TECH/GPDK090/gpdk090/models/spectre/gpdk090.scs</MODEL>
                <MODEL section="" test="All" enabled="false" block="Global" name="gpdk.scs" >$PROJECT/TECH/GPDK180/gpdk180/models/spectre/gpdk.scs</MODEL>
                <MODEL section="t" test="All" enabled="true" block="Global" name="inductor.scs" >$PROJECT/DESIGNS/GPDK090/NFRACPLL/models/inductor.scs</MODEL>
                <MODEL section="" test="All" enabled="false" block="Global" name="inductor_models.scs" >$MMSIM_HOME/tools/vpcd/etc/models/inductor_models.scs</MODEL>
            </MODELS>
            <MODELGROUPNAME></MODELGROUPNAME>
            <TESTSSTATUS>
                <TEST enabled="true" name="Frequency_Max" />
                <TEST enabled="true" name="Frequency_Min" />
                <TEST enabled="true" name="Kto" />
                <TEST enabled="true" name="Phase_Noise" />
                <TEST enabled="true" name="Tune_Sense" /></TESTSSTATUS>
        </CORNER>
        <CORNER name="C3_Model_FF_Temp" >
            <VARS>
                <VAR name="temperature" >-40 120</VAR>
                <VAR name="vdd1p2" >1.2</VAR>
            </VARS>
            <PARAMS>
                <LOCATIONS/>
            </PARAMS>
            <MODELS>
                <MODEL section="FF" test="All" enabled="true" block="Global" name="gpdk090.scs" >$PROJECT/TECH/GPDK090/gpdk090/models/spectre/gpdk090.scs</MODEL>
                <MODEL section="" test="All" enabled="false" block="Global" name="gpdk.scs" >$PROJECT/TECH/GPDK180/gpdk180/models/spectre/gpdk.scs</MODEL>
                <MODEL section="t" test="All" enabled="true" block="Global" name="inductor.scs" >$PROJECT/DESIGNS/GPDK090/NFRACPLL/models/inductor.scs</MODEL>
                <MODEL section="" test="All" enabled="false" block="Global" name="inductor_models.scs" >$MMSIM_HOME/tools/vpcd/etc/models/inductor_models.scs</MODEL>
            </MODELS>
            <MODELGROUPNAME></MODELGROUPNAME>
            <TESTSSTATUS>
                <TEST enabled="true" name="Frequency_Max" />
                <TEST enabled="true" name="Frequency_Min" />
                <TEST enabled="true" name="Kto" />
                <TEST enabled="true" name="Phase_Noise" />
                <TEST enabled="true" name="Tune_Sense" /></TESTSSTATUS>
        </CORNER>
        <CORNER name="C4_Model_FF_VDD" >
            <VARS>
                <VAR name="temperature" >27</VAR>
                <VAR name="vdd1p2" >1.14 1.26</VAR>
            </VARS>
            <PARAMS>
                <LOCATIONS/>
            </PARAMS>
            <MODELS>
                <MODEL section="FF" test="All" enabled="true" block="Global" name="gpdk090.scs" >$PROJECT/TECH/GPDK090/gpdk090/models/spectre/gpdk090.scs</MODEL>
                <MODEL section="" test="All" enabled="false" block="Global" name="gpdk.scs" >$PROJECT/TECH/GPDK180/gpdk180/models/spectre/gpdk.scs</MODEL>
                <MODEL section="t" test="All" enabled="true" block="Global" name="inductor.scs" >$PROJECT/DESIGNS/GPDK090/NFRACPLL/models/inductor.scs</MODEL>
                <MODEL section="" test="All" enabled="false" block="Global" name="inductor_models.scs" >$MMSIM_HOME/tools/vpcd/etc/models/inductor_models.scs</MODEL>
            </MODELS>
            <MODELGROUPNAME></MODELGROUPNAME>
            <TESTSSTATUS>
                <TEST enabled="true" name="Frequency_Max" />
                <TEST enabled="true" name="Frequency_Min" />
                <TEST enabled="true" name="Kto" />
                <TEST enabled="true" name="Phase_Noise" />
                <TEST enabled="true" name="Tune_Sense" /></TESTSSTATUS>
        </CORNER>
        <CORNER name="C5_Model_SS_VDD" >
            <VARS>
                <VAR name="temperature" >27</VAR>
                <VAR name="vdd1p2" >1.14 1.26</VAR>
            </VARS>
            <PARAMS>
                <LOCATIONS/>
            </PARAMS>
            <MODELS>
                <MODEL section="SS" test="All" enabled="true" block="Global" name="gpdk090.scs" >$PROJECT/TECH/GPDK090/gpdk090/models/spectre/gpdk090.scs</MODEL>
                <MODEL section="" test="All" enabled="false" block="Global" name="gpdk.scs" >$PROJECT/TECH/GPDK180/gpdk180/models/spectre/gpdk.scs</MODEL>
                <MODEL section="t" test="All" enabled="true" block="Global" name="inductor.scs" >$PROJECT/DESIGNS/GPDK090/NFRACPLL/models/inductor.scs</MODEL>
                <MODEL section="" test="All" enabled="false" block="Global" name="inductor_models.scs" >$MMSIM_HOME/tools/vpcd/etc/models/inductor_models.scs</MODEL>
            </MODELS>
            <MODELGROUPNAME></MODELGROUPNAME>
            <TESTSSTATUS>
                <TEST enabled="true" name="Frequency_Max" />
                <TEST enabled="true" name="Frequency_Min" />
                <TEST enabled="true" name="Kto" />
                <TEST enabled="true" name="Phase_Noise" />
                <TEST enabled="true" name="Tune_Sense" /></TESTSSTATUS>
        </CORNER>
        <CORNER name="C6_Model_SS_Temp" >
            <VARS>
                <VAR name="temperature" >-40 120</VAR>
                <VAR name="vdd1p2" >1.2</VAR>
            </VARS>
            <PARAMS>
                <LOCATIONS/>
            </PARAMS>
            <MODELS>
                <MODEL section="SS" test="All" enabled="true" block="Global" name="gpdk090.scs" >$PROJECT/TECH/GPDK090/gpdk090/models/spectre/gpdk090.scs</MODEL>
                <MODEL section="" test="All" enabled="false" block="Global" name="gpdk.scs" >$PROJECT/TECH/GPDK180/gpdk180/models/spectre/gpdk.scs</MODEL>
                <MODEL section="t" test="All" enabled="true" block="Global" name="inductor.scs" >$PROJECT/DESIGNS/GPDK090/NFRACPLL/models/inductor.scs</MODEL>
                <MODEL section="" test="All" enabled="false" block="Global" name="inductor_models.scs" >$MMSIM_HOME/tools/vpcd/etc/models/inductor_models.scs</MODEL>
            </MODELS>
            <MODELGROUPNAME></MODELGROUPNAME>
            <TESTSSTATUS>
                <TEST enabled="true" name="Frequency_Max" />
                <TEST enabled="true" name="Frequency_Min" />
                <TEST enabled="true" name="Kto" />
                <TEST enabled="true" name="Phase_Noise" />
                <TEST enabled="true" name="Tune_Sense" /></TESTSSTATUS>
        </CORNER>
    </CORNERS>
    <MODELGROUPS/>
    <TESTS>
        <TEST cell="pll_vco_sim" view="config" simultor="spectre" state="Frequency_Max_spectre_FreqHigh_Corners_all" lib="zambezi_sim" >Frequency_Max</TEST>
        <TEST cell="pll_vco_sim" view="config" simultor="spectre" state="Frequency_Min_spectre_FreqLow_Corners_all" lib="zambezi_sim" >Frequency_Min</TEST>
        <TEST cell="pll_vco_sim" view="config" simultor="spectre" state="Kto_spectre_Kto_Corners_all" lib="zambezi_sim" >Kto</TEST>
        <TEST cell="pll_vco_sim" view="config" simultor="spectre" state="Phase_Noise_spectre_PhaseNoise_Corners_all" lib="zambezi_sim" >Phase_Noise</TEST>
        <TEST cell="pll_vco_sim" view="config" simultor="spectre" state="Tune_Sense_spectre_TuneSense_Corners_all" lib="zambezi_sim" >Tune_Sense</TEST>
    </TESTS>
    <RESULTSSUMMARY>
        <RSITEM minVal="5.205G" status="pass" test="Frequency_Max" specdesc="> 5G" resultName="Frequency_Max" min_status="pass" expName="harmonic(xval(v(&quot;/vcoclk&quot; ?result &quot;pss_fd&quot;)) 1)" max_status="pass" maxVal="5.357G" />
        <RSITEM minVal="4.36G" status="pass" test="Frequency_Min" specdesc="&lt; 4.8G" resultName="Frequency_Min" min_status="pass" expName="harmonic(xval(v(&quot;/vcoclk&quot; ?result &quot;pss_fd&quot;)) 1)" max_status="pass" maxVal="4.614G" />
        <RSITEM minVal="3.705k" status="pass" test="Kto" specdesc="&lt; 100k" resultName="Kto" min_status="pass" expName="abs((0.01 * (harmonic(harmonic(xval(v(&quot;/vcoclk&quot; ?result &quot;pss_fd&quot;)) 1) 0) - harmonic(harmonic(xval(v(&quot;/vcoclk&quot; ?result &quot;pss_fd&quot;)) 1) 1))))" max_status="pass" maxVal="20.44k" />
        <RSITEM minVal="-122.4" status="pass" test="Phase_Noise" specdesc="&lt; -25" resultName="PN_1K" min_status="pass" expName="value(phaseNoise(1 &quot;pss_fd&quot; ?result &quot;pnoise-pnoise&quot;) 1000.0)" max_status="pass" maxVal="-105.4" />
        <RSITEM minVal="-135.5" status="pass" test="Phase_Noise" specdesc="&lt; -50" resultName="PN_10K" min_status="pass" expName="value(phaseNoise(1 &quot;pss_fd&quot; ?result &quot;pnoise-pnoise&quot;) 10000.0)" max_status="pass" maxVal="-116.1" />
        <RSITEM minVal="-146.1" status="pass" test="Phase_Noise" specdesc="&lt; -80" resultName="PN_100K" min_status="pass" expName="value(phaseNoise(1 &quot;pss_fd&quot; ?result &quot;pnoise-pnoise&quot;) 100000.0)" max_status="pass" maxVal="-126.4" />
        <RSITEM minVal="-154.9" status="pass" test="Phase_Noise" specdesc="&lt; -100" resultName="PN_1M" min_status="pass" expName="value(phaseNoise(1 &quot;pss_fd&quot; ?result &quot;pnoise-pnoise&quot;) 1000000.0)" max_status="pass" maxVal="-134.5" />
        <RSITEM minVal="-158.4" status="pass" test="Phase_Noise" specdesc="&lt; -120" resultName="PN_10M" min_status="pass" expName="value(phaseNoise(1 &quot;pss_fd&quot; ?result &quot;pnoise-pnoise&quot;) 1e+07)" max_status="pass" maxVal="-137.3" />
        <RSITEM minVal="39.62M" status="pass" test="Tune_Sense" specdesc="range 25M 100M" resultName="sense_1.1v Hz per V" min_status="pass" expName="abs(value(deriv(harmonic(xval(v(&quot;/vcoclk&quot; ?result &quot;sweeppss_pss_fd-sweep&quot;)) 1)) 1.1))" max_status="pass" maxVal="58.22M" />
        <RSITEM minVal="56M" status="pass" test="Tune_Sense" specdesc="range 25M 100M" resultName="sense_0.2v Hz per V" min_status="pass" expName="abs(value(deriv(harmonic(xval(v(&quot;/vcoclk&quot; ?result &quot;sweeppss_pss_fd-sweep&quot;)) 1)) 0.2))" max_status="pass" maxVal="84.96M" />
        <RSITEM minVal="4.996m" status="pass" test="Tune_Sense" specdesc="&lt; 15m" resultName="IDC" min_status="pass" expName="(- IDC(&quot;/V0/PLUS&quot;))" max_status="pass" maxVal="10.6m" />
    </RESULTSSUMMARY>
    <TESTDOCS>
        <TESTDOC testName="Frequency_Max" />
        <TESTDOC testName="Frequency_Min" />
        <TESTDOC testName="Kto" />
        <TESTDOC testName="Phase_Noise" />
        <TESTDOC testName="Tune_Sense" />
    </TESTDOCS>
</ROOT>
